Table 1.2 Net overseas migration by country of birth, New South Wales, 2004-05 to 2024-25(a)(b),,,,,,,,,,,,,,,,,,,,,,,,,,,,,,,,,,,,,,,,,,,,,,,,,,,,,,,,,
SACC code(c),Country of birth(c),2004-05,2005-06,2006-07,2007-08,2008-09,2009-10,2010-11,2011-12,2012-13,2013-14,2014-15,2015-16,2016-17,2017-18,2018-19,2019-20,2020-21,2021-22,2022-23,2023-24,2024-25(d),,,,,,,,,,,,,,,,,,,,,,,,,,,,,,,,,,,
1101,Australia,-7 430,-6 170,-5 910,-6 760,-2 120,-2 140,-3 440,-3 740,-3 930,-6 630,-7 240,-7 100,-5 500,-6 520,-4 550,5 620,8 270,-5 260,-10 160,-7 300,-5 700,,,,,,,,,,,,,,,,,,,,,,,,,,,,,,,,,,,
1102,Norfolk Island(e),0,10,10,10,10,0,0,10,10,10,10,30,40,0,0,0,0,0,0,0,0,,,,,,,,,,,,,,,,,,,,,,,,,,,,,,,,,,,
1199,Aust E T, nec,0,0,0,0,0,0,0,0,0,0,0,0,0,0,0,0,0,0,0,0,0,,,,,,,,,,,,,,,,,,,,,,,,,,,,,,,,,,,
1201,New Zealand,4 080,3 700,3 910,4 280,3 400,3 180,5 390,4 960,4 010,1 710,800,1 700,1 420,710,590,-330,1 930,380,2 080,3 280,3 870,,,,,,,,,,,,,,,,,,,,,,,,,,,,,,,,,,,
1301,New Caledonia,10,20,40,30,30,40,10,20,30,0,50,20,30,-10,0,-10,10,10,20,40,70,,,,,,,,,,,,,,,,,,,,,,,,,,,,,,,,,,,
1302,PNG,70,60,60,80,50,20,90,80,90,20,70,70,20,20,20,60,20,110,290,370,290,,,,,,,,,,,,,,,,,,,,,,,,,,,,,,,,,,,
1303,Solomon Islands,30,20,-10,0,10,10,30,10,0,20,20,10,0,20,10,80,410,730,90,320,110,,,,,,,,,,,,,,,,,,,,,,,,,,,,,,,,,,,
1304,Vanuatu,10,0,10,0,0,20,10,10,30,10,-10,10,10,20,60,380,1 000,380,-70,-70,70,,,,,,,,,,,,,,,,,,,,,,,,,,,,,,,,,,,
1401,Guam,0,0,0,0,0,0,0,0,0,0,0,0,0,0,0,0,0,0,0,0,0,,,,,,,,,,,,,,,,,,,,,,,,,,,,,,,,,,,
1402,Kiribati,-10,0,0,10,10,10,0,0,0,10,0,-10,0,0,0,20,70,0,130,140,90,,,,,,,,,,,,,,,,,,,,,,,,,,,,,,,,,,,
1403,Marshall Is,0,0,0,0,0,0,0,0,0,0,0,0,0,0,0,0,0,0,0,0,0,,,,,,,,,,,,,,,,,,,,,,,,,,,,,,,,,,,
1404,Micronesia, F S,0,0,0,0,0,0,0,0,0,0,0,0,0,0,0,0,0,0,0,0,0,,,,,,,,,,,,,,,,,,,,,,,,,,,,,,,,,,,
1405,Nauru,0,0,0,0,0,0,0,0,0,0,0,0,0,0,0,10,0,0,20,0,10,,,,,,,,,,,,,,,,,,,,,,,,,,,,,,,,,,,
1406,N Mariana Is,0,0,0,0,0,0,0,0,0,0,0,0,0,0,0,0,0,0,0,0,0,,,,,,,,,,,,,,,,,,,,,,,,,,,,,,,,,,,
1407,Palau,0,0,0,0,0,0,0,0,0,0,0,0,0,0,0,0,0,0,0,0,0,,,,,,,,,,,,,,,,,,,,,,,,,,,,,,,,,,,
1501,Cook Islands,70,100,90,70,100,70,90,100,100,110,70,70,50,20,20,10,30,-10,20,-20,40,,,,,,,,,,,,,,,,,,,,,,,,,,,,,,,,,,,
1502,Fiji,650,800,870,990,1 050,1 130,920,890,880,880,630,610,790,770,1 240,1 150,700,1 200,3 350,2 520,1 040,,,,,,,,,,,,,,,,,,,,,,,,,,,,,,,,,,,
1503,French Poly,10,0,10,10,-10,10,10,10,10,0,0,10,10,0,0,0,-10,0,20,0,10,,,,,,,,,,,,,,,,,,,,,,,,,,,,,,,,,,,
1504,Niue,20,20,20,10,10,20,20,10,30,10,0,20,10,0,0,0,0,0,10,0,0,,,,,,,,,,,,,,,,,,,,,,,,,,,,,,,,,,,
1505,Samoa,280,370,280,310,440,320,500,630,850,720,520,530,620,460,420,430,480,600,400,270,180,,,,,,,,,,,,,,,,,,,,,,,,,,,,,,,,,,,
1506,Samoa American,10,0,0,10,0,0,10,20,20,10,10,10,10,10,10,0,0,0,10,10,10,,,,,,,,,,,,,,,,,,,,,,,,,,,,,,,,,,,
1507,Tokelau,30,40,0,20,30,10,10,30,20,-10,10,10,10,0,20,-10,0,0,0,0,0,,,,,,,,,,,,,,,,,,,,,,,,,,,,,,,,,,,
1508,Tonga,110,100,130,350,320,250,360,350,240,330,190,170,210,290,360,730,570,570,170,240,310,,,,,,,,,,,,,,,,,,,,,,,,,,,,,,,,,,,
1511,Tuvalu,0,0,0,0,0,0,0,10,0,0,10,0,10,0,0,10,-10,10,20,40,10,,,,,,,,,,,,,,,,,,,,,,,,,,,,,,,,,,,
1512,Wallis/Futuna,0,0,0,0,0,0,0,0,0,0,0,0,0,0,0,0,0,0,0,0,0,,,,,,,,,,,,,,,,,,,,,,,,,,,,,,,,,,,
1513,Pitcairn Is,0,0,0,0,0,0,0,0,0,0,0,0,0,0,0,0,0,0,0,0,0,,,,,,,,,,,,,,,,,,,,,,,,,,,,,,,,,,,
1599,Polynesia, nec,0,0,0,0,0,0,0,0,0,0,0,0,0,0,0,0,0,0,0,0,0,,,,,,,,,,,,,,,,,,,,,,,,,,,,,,,,,,,
1601,Adelie Land,0,0,0,0,0,0,0,0,0,0,0,0,0,0,0,0,0,0,0,0,0,,,,,,,,,,,,,,,,,,,,,,,,,,,,,,,,,,,
1602,Argentinian A T,0,0,0,0,0,0,0,0,0,0,0,0,0,0,0,0,0,0,0,0,0,,,,,,,,,,,,,,,,,,,,,,,,,,,,,,,,,,,
1603,Australian A T,0,0,0,0,0,0,0,0,0,0,0,0,0,0,0,0,0,0,0,0,0,,,,,,,,,,,,,,,,,,,,,,,,,,,,,,,,,,,
1604,British A T,0,0,0,0,0,0,0,0,0,0,0,0,0,0,0,0,0,0,0,0,0,,,,,,,,,,,,,,,,,,,,,,,,,,,,,,,,,,,
1605,Chilean A T,0,0,0,0,0,0,0,0,0,0,0,0,0,0,0,0,0,0,0,0,0,,,,,,,,,,,,,,,,,,,,,,,,,,,,,,,,,,,
1606,Queen Maud Land,0,0,0,0,0,0,0,0,0,0,0,0,0,0,0,0,0,0,0,0,0,,,,,,,,,,,,,,,,,,,,,,,,,,,,,,,,,,,
1607,Ross Dependency,0,0,0,0,0,0,0,0,0,0,0,0,0,0,0,0,0,0,0,0,0,,,,,,,,,,,,,,,,,,,,,,,,,,,,,,,,,,,
2100,UK, CIs & IOM,5 360,6 020,7 090,8 850,7 250,5 330,7 170,6 910,6 730,4 210,3 340,3 220,3 980,2 940,2 210,2 820,930,170,5 950,7 310,7 660,,,,,,,,,,,,,,,,,,,,,,,,,,,,,,,,,,,
2201,Ireland,420,630,960,1 940,2 700,1 510,2 830,2 900,1 310,-410,-780,-460,340,630,420,520,-400,-120,4 100,3 480,900,,,,,,,,,,,,,,,,,,,,,,,,,,,,,,,,,,,
2301,Austria,50,30,70,50,50,20,10,80,10,0,30,30,30,-10,30,10,-10,10,10,0,40,,,,,,,,,,,,,,,,,,,,,,,,,,,,,,,,,,,
2302,Belgium,50,80,120,100,40,80,80,80,100,120,140,140,90,100,0,90,-70,-10,160,60,50,,,,,,,,,,,,,,,,,,,,,,,,,,,,,,,,,,,
2303,France,450,550,670,890,880,630,950,970,970,940,920,800,600,470,170,440,-690,-300,1 310,960,1 090,,,,,,,,,,,,,,,,,,,,,,,,,,,,,,,,,,,
2304,Germany,850,870,1 150,1 080,780,730,710,600,440,360,420,460,560,150,-190,320,-250,-20,640,30,340,,,,,,,,,,,,,,,,,,,,,,,,,,,,,,,,,,,
2305,Liechtenstein,0,0,0,0,0,0,0,0,0,0,0,0,0,0,0,0,0,0,0,0,0,,,,,,,,,,,,,,,,,,,,,,,,,,,,,,,,,,,
2306,Luxembourg,10,10,0,0,0,10,10,0,10,10,10,10,0,0,10,10,0,0,0,10,0,,,,,,,,,,,,,,,,,,,,,,,,,,,,,,,,,,,
2307,Monaco,0,0,0,0,0,0,0,0,0,0,0,10,0,0,0,0,0,0,0,0,0,,,,,,,,,,,,,,,,,,,,,,,,,,,,,,,,,,,
2308,Netherlands,270,310,280,290,200,270,300,200,250,160,280,290,290,90,-100,200,-150,-30,250,60,110,,,,,,,,,,,,,,,,,,,,,,,,,,,,,,,,,,,
2311,Switzerland,150,110,40,120,50,60,70,40,30,90,70,50,60,40,10,50,-10,-30,60,-10,60,,,,,,,,,,,,,,,,,,,,,,,,,,,,,,,,,,,
2401,Denmark,100,20,50,60,30,50,60,80,80,20,40,20,30,10,-40,40,-20,0,60,50,40,,,,,,,,,,,,,,,,,,,,,,,,,,,,,,,,,,,
2402,Faroe Islands,0,0,0,0,0,0,0,0,0,0,0,0,0,0,0,0,0,0,0,0,0,,,,,,,,,,,,,,,,,,,,,,,,,,,,,,,,,,,
2403,Finland,70,50,60,90,40,40,60,80,20,50,60,30,60,20,10,20,-60,-20,60,20,10,,,,,,,,,,,,,,,,,,,,,,,,,,,,,,,,,,,
2404,Greenland,0,0,0,0,0,0,0,0,0,0,0,0,0,0,0,0,0,0,0,0,0,,,,,,,,,,,,,,,,,,,,,,,,,,,,,,,,,,,
2405,Iceland,10,-10,10,0,0,0,0,0,0,0,0,-10,10,0,10,0,10,-10,0,-10,0,,,,,,,,,,,,,,,,,,,,,,,,,,,,,,,,,,,
2406,Norway,0,-60,10,30,-10,50,60,20,20,30,-10,40,20,30,-40,0,-50,30,60,30,0,,,,,,,,,,,,,,,,,,,,,,,,,,,,,,,,,,,
2407,Sweden,210,210,150,190,140,150,150,250,210,130,150,140,40,100,-30,-20,-50,-30,150,80,0,,,,,,,,,,,,,,,,,,,,,,,,,,,,,,,,,,,
2408,Aland Islands,0,0,0,0,0,0,0,0,0,0,0,0,0,0,0,0,0,0,0,0,0,,,,,,,,,,,,,,,,,,,,,,,,,,,,,,,,,,,
3101,Andorra,0,0,0,0,0,0,0,0,0,0,0,0,0,0,0,0,0,0,0,0,0,,,,,,,,,,,,,,,,,,,,,,,,,,,,,,,,,,,
3102,Gibraltar,0,0,0,0,0,0,0,0,0,0,0,0,0,0,0,0,0,0,0,0,10,,,,,,,,,,,,,,,,,,,,,,,,,,,,,,,,,,,
3103,Holy See,0,0,0,0,0,0,0,0,0,0,0,0,0,0,0,0,0,0,0,0,0,,,,,,,,,,,,,,,,,,,,,,,,,,,,,,,,,,,
3104,Italy,240,180,350,230,420,450,670,990,1 610,1 370,1 030,560,400,150,20,270,-370,-110,860,470,420,,,,,,,,,,,,,,,,,,,,,,,,,,,,,,,,,,,
3105,Malta,0,10,30,30,0,0,20,20,0,0,-10,-10,20,10,10,0,-10,0,0,10,0,,,,,,,,,,,,,,,,,,,,,,,,,,,,,,,,,,,
3106,Portugal,30,50,20,50,30,70,70,160,230,140,70,110,30,50,-30,-20,-20,-50,70,60,-10,,,,,,,,,,,,,,,,,,,,,,,,,,,,,,,,,,,
3107,San Marino,0,0,0,0,0,0,0,0,0,0,0,0,0,0,0,0,0,0,0,0,0,,,,,,,,,,,,,,,,,,,,,,,,,,,,,,,,,,,
3108,Spain,110,70,40,70,60,140,230,380,400,300,400,340,310,210,130,320,-210,-100,720,330,190,,,,,,,,,,,,,,,,,,,,,,,,,,,,,,,,,,,
3201,Albania,0,20,10,20,20,10,10,20,40,50,60,20,30,30,40,20,-10,-10,30,10,10,,,,,,,,,,,,,,,,,,,,,,,,,,,,,,,,,,,
3202,Bosnia/Herzegov,50,10,0,-10,-30,0,0,20,10,10,30,10,0,-10,-10,0,-10,-70,-60,-40,-30,,,,,,,,,,,,,,,,,,,,,,,,,,,,,,,,,,,
3203,Bulgaria,50,0,20,10,30,0,10,30,50,60,60,70,50,50,0,20,0,-50,10,10,0,,,,,,,,,,,,,,,,,,,,,,,,,,,,,,,,,,,
3204,Croatia,0,-30,-40,-30,-50,-10,-10,-20,50,20,0,-30,0,-30,0,20,-10,-150,-60,-50,-60,,,,,,,,,,,,,,,,,,,,,,,,,,,,,,,,,,,
3205,Cyprus,-40,0,-10,-10,0,0,-10,40,40,30,40,0,10,-10,-20,20,-10,-30,10,10,-20,,,,,,,,,,,,,,,,,,,,,,,,,,,,,,,,,,,
3206,North Macedonia,100,130,140,130,70,100,60,60,80,110,100,80,110,80,40,-170,-20,10,90,10,0,,,,,,,,,,,,,,,,,,,,,,,,,,,,,,,,,,,
3207,Greece,-40,30,-10,-10,40,20,160,570,580,340,180,170,120,60,-20,30,-90,-150,-40,0,-110,,,,,,,,,,,,,,,,,,,,,,,,,,,,,,,,,,,
3208,Moldova,10,0,0,10,0,10,20,20,10,10,20,10,30,10,10,20,-10,10,30,10,10,,,,,,,,,,,,,,,,,,,,,,,,,,,,,,,,,,,
3211,Romania,150,40,60,30,90,60,50,70,90,80,50,50,60,30,10,40,-10,10,30,30,40,,,,,,,,,,,,,,,,,,,,,,,,,,,,,,,,,,,
3212,Slovenia,-10,20,30,-20,-10,20,10,10,10,20,40,10,0,0,0,10,0,-10,10,0,0,,,,,,,,,,,,,,,,,,,,,,,,,,,,,,,,,,,
3214,Montenegro,10,10,10,0,0,0,0,10,10,10,10,10,10,0,10,0,0,0,0,-10,0,,,,,,,,,,,,,,,,,,,,,,,,,,,,,,,,,,,
3215,Serbia,90,100,110,60,60,50,40,90,70,60,60,50,90,60,40,90,-60,-70,-10,10,0,,,,,,,,,,,,,,,,,,,,,,,,,,,,,,,,,,,
3216,Kosovo,0,0,0,0,0,0,0,10,0,0,0,10,10,10,0,10,0,0,0,10,0,,,,,,,,,,,,,,,,,,,,,,,,,,,,,,,,,,,
3301,Belarus,20,40,30,10,30,20,30,30,30,40,40,30,30,30,10,30,0,30,40,20,10,,,,,,,,,,,,,,,,,,,,,,,,,,,,,,,,,,,
3302,Czechia,70,60,140,100,20,110,60,80,200,190,150,140,60,0,-50,-20,-70,-50,60,-10,30,,,,,,,,,,,,,,,,,,,,,,,,,,,,,,,,,,,
3303,Estonia,10,30,60,80,160,130,60,80,120,120,60,60,120,110,-30,-40,-30,20,140,80,10,,,,,,,,,,,,,,,,,,,,,,,,,,,,,,,,,,,
3304,Hungary,60,90,110,80,80,90,70,120,150,70,30,60,70,-10,-20,0,-10,-10,40,40,20,,,,,,,,,,,,,,,,,,,,,,,,,,,,,,,,,,,
3305,Latvia,50,60,30,10,40,60,60,50,60,40,50,30,20,10,20,20,0,20,0,10,10,,,,,,,,,,,,,,,,,,,,,,,,,,,,,,,,,,,
3306,Lithuania,30,0,20,40,40,70,90,70,90,90,110,100,140,70,40,-20,-50,40,90,20,10,,,,,,,,,,,,,,,,,,,,,,,,,,,,,,,,,,,
3307,Poland,150,140,90,130,200,130,180,240,250,270,260,280,370,230,50,60,-90,-40,250,100,10,,,,,,,,,,,,,,,,,,,,,,,,,,,,,,,,,,,
3308,Russia,190,210,240,270,360,370,330,340,410,370,330,280,360,290,230,310,10,300,700,350,130,,,,,,,,,,,,,,,,,,,,,,,,,,,,,,,,,,,
3311,Slovakia,50,0,60,10,10,10,50,80,130,100,120,40,40,10,-20,-30,-60,-10,70,-20,-30,,,,,,,,,,,,,,,,,,,,,,,,,,,,,,,,,,,
3312,Ukraine,100,80,100,130,130,170,140,190,180,190,230,200,200,140,120,130,40,1 230,580,120,110,,,,,,,,,,,,,,,,,,,,,,,,,,,,,,,,,,,
4101,Algeria,0,10,-10,30,10,0,10,20,20,30,10,20,10,10,30,20,-20,0,20,30,30,,,,,,,,,,,,,,,,,,,,,,,,,,,,,,,,,,,
4102,Egypt,420,480,670,780,500,380,350,380,790,500,390,500,570,550,490,410,180,320,550,440,470,,,,,,,,,,,,,,,,,,,,,,,,,,,,,,,,,,,
4103,Libya,0,0,20,20,50,200,140,10,-40,-50,0,20,10,20,10,10,0,0,-10,20,20,,,,,,,,,,,,,,,,,,,,,,,,,,,,,,,,,,,
4104,Morocco,10,40,20,20,20,30,30,20,50,50,40,60,40,40,20,60,10,10,50,20,40,,,,,,,,,,,,,,,,,,,,,,,,,,,,,,,,,,,
4105,Sudan,1 440,1 030,680,240,200,180,130,80,100,90,90,80,70,70,30,0,50,40,170,100,80,,,,,,,,,,,,,,,,,,,,,,,,,,,,,,,,,,,
4106,Tunisia,0,-10,10,0,0,-10,0,0,10,10,10,10,10,10,10,30,10,10,20,20,20,,,,,,,,,,,,,,,,,,,,,,,,,,,,,,,,,,,
4107,Western Sahara,0,0,0,0,0,0,0,0,0,0,0,0,0,0,0,0,0,0,0,0,0,,,,,,,,,,,,,,,,,,,,,,,,,,,,,,,,,,,
4108,Sp North Africa,0,0,0,0,0,0,0,0,0,0,0,0,0,0,0,0,0,0,0,0,0,,,,,,,,,,,,,,,,,,,,,,,,,,,,,,,,,,,
4111,South Sudan,0,0,0,0,0,0,0,10,20,30,60,20,50,40,10,0,10,10,20,0,10,,,,,,,,,,,,,,,,,,,,,,,,,,,,,,,,,,,
4201,Bahrain,20,30,20,0,30,10,50,30,20,20,20,20,20,30,40,30,20,30,30,40,50,,,,,,,,,,,,,,,,,,,,,,,,,,,,,,,,,,,
4202,Palestine,10,0,0,10,10,10,0,0,0,0,0,0,0,0,0,0,0,0,0,0,0,,,,,,,,,,,,,,,,,,,,,,,,,,,,,,,,,,,
4203,Iran,520,560,890,630,820,860,1 210,1 360,1 450,860,710,780,970,910,1 170,1 020,290,1 050,1 960,2 170,1 510,,,,,,,,,,,,,,,,,,,,,,,,,,,,,,,,,,,
4204,Iraq,1 150,1 610,1 510,1 410,2 370,1 500,1 600,1 220,2 110,2 800,2 350,1 720,5 650,2 090,4 070,3 960,100,1 990,1 870,1 970,1 420,,,,,,,,,,,,,,,,,,,,,,,,,,,,,,,,,,,
4205,Israel,170,160,140,170,50,70,40,70,50,70,100,130,110,40,10,130,70,-100,140,270,110,,,,,,,,,,,,,,,,,,,,,,,,,,,,,,,,,,,
4206,Jordan,140,90,170,170,160,90,90,130,210,130,160,230,250,250,160,180,70,120,220,170,180,,,,,,,,,,,,,,,,,,,,,,,,,,,,,,,,,,,
4207,Kuwait,20,60,60,60,100,120,130,140,100,90,100,90,130,120,70,80,50,110,110,200,230,,,,,,,,,,,,,,,,,,,,,,,,,,,,,,,,,,,
4208,Lebanon,960,940,1 480,1 040,570,520,530,850,900,900,950,710,860,880,900,1 180,610,1 080,960,1 250,970,,,,,,,,,,,,,,,,,,,,,,,,,,,,,,,,,,,
4211,Oman,20,10,10,20,10,20,20,40,10,30,60,70,50,20,10,-10,10,20,50,60,70,,,,,,,,,,,,,,,,,,,,,,,,,,,,,,,,,,,
4212,Qatar,20,10,10,20,10,10,0,20,0,20,40,50,70,80,80,70,20,50,110,130,110,,,,,,,,,,,,,,,,,,,,,,,,,,,,,,,,,,,
4213,Saudi Arabia,120,260,390,1 180,1 110,460,-290,-330,-50,50,40,-120,190,320,580,0,-460,200,500,540,210,,,,,,,,,,,,,,,,,,,,,,,,,,,,,,,,,,,
4214,Syria,120,150,130,130,200,110,200,230,270,640,1 870,1 030,4 200,1 740,1 050,430,100,530,1 020,1 080,1 070,,,,,,,,,,,,,,,,,,,,,,,,,,,,,,,,,,,
4215,Türkiye,200,260,190,250,340,290,170,120,100,100,40,220,420,280,320,420,20,150,970,740,190,,,,,,,,,,,,,,,,,,,,,,,,,,,,,,,,,,,
4216,Unit Arab Emir,80,100,100,120,170,150,160,170,150,140,230,350,450,470,450,320,310,300,400,550,590,,,,,,,,,,,,,,,,,,,,,,,,,,,,,,,,,,,
4217,Yemen,20,0,0,10,10,0,0,10,10,10,10,20,30,50,60,10,20,30,60,90,40,,,,,,,,,,,,,,,,,,,,,,,,,,,,,,,,,,,
5101,Myanmar,160,200,460,530,520,430,310,290,300,280,200,300,260,230,340,300,60,480,570,430,360,,,,,,,,,,,,,,,,,,,,,,,,,,,,,,,,,,,
5102,Cambodia,210,200,260,230,330,330,270,250,260,340,310,320,320,400,320,310,30,250,310,330,320,,,,,,,,,,,,,,,,,,,,,,,,,,,,,,,,,,,
5103,Laos,20,50,70,50,90,50,20,60,40,70,40,80,100,120,70,130,-40,120,280,230,40,,,,,,,,,,,,,,,,,,,,,,,,,,,,,,,,,,,
5104,Thailand,920,1 590,2 130,2 580,2 750,1 060,240,770,1 630,2 720,2 890,2 380,1 770,390,610,-160,-380,2 620,4 520,1 300,430,,,,,,,,,,,,,,,,,,,,,,,,,,,,,,,,,,,
5105,Vietnam,770,1 260,1 750,2 430,2 920,2 280,1 570,1 890,2 750,2 930,2 770,2 980,3 180,2 710,2 710,2 240,80,2 600,6 260,7 460,3 160,,,,,,,,,,,,,,,,,,,,,,,,,,,,,,,,,,,
5201,Brunei,40,20,30,20,10,20,0,0,30,-10,10,20,50,-10,-40,-20,10,40,0,30,30,,,,,,,,,,,,,,,,,,,,,,,,,,,,,,,,,,,
5202,Indonesia,-110,480,1 060,1 610,1 900,1 130,770,950,770,850,1 390,1 240,1 720,1 320,1 640,1 200,-420,1 630,5 910,4 180,2 770,,,,,,,,,,,,,,,,,,,,,,,,,,,,,,,,,,,
5203,Malaysia,870,1 160,1 420,1 310,1 040,630,750,720,660,790,1 120,2 160,2 780,2 320,1 110,380,-430,440,1 080,640,140,,,,,,,,,,,,,,,,,,,,,,,,,,,,,,,,,,,
5204,Philippines,2 370,2 300,2 560,3 030,3 160,2 510,2 460,3 740,3 560,3 890,3 660,4 160,4 780,4 380,6 260,5 150,750,3 990,14 110,9 930,5 450,,,,,,,,,,,,,,,,,,,,,,,,,,,,,,,,,,,
5205,Singapore,460,220,330,380,400,300,280,410,440,230,430,370,620,350,160,-130,320,720,590,570,470,,,,,,,,,,,,,,,,,,,,,,,,,,,,,,,,,,,
5206,Timor-Leste,-20,10,-10,10,30,-20,-10,10,0,0,-10,-10,0,0,10,30,30,20,230,230,60,,,,,,,,,,,,,,,,,,,,,,,,,,,,,,,,,,,
6101,China,8 030,7 690,11 700,15 350,12 560,9 550,5 950,4 650,8 510,12 160,14 880,17 420,19 250,17 090,6 520,-10 240,-16 630,5 670,24 610,19 640,15 080,,,,,,,,,,,,,,,,,,,,,,,,,,,,,,,,,,,
6102,Hong Kong,310,-60,280,250,330,310,130,-70,360,480,600,650,910,500,630,1 090,1 110,2 990,2 400,1 620,1 140,,,,,,,,,,,,,,,,,,,,,,,,,,,,,,,,,,,
6103,Macau,-10,10,20,30,60,30,40,-20,10,-30,20,30,40,10,30,-40,-30,40,50,40,30,,,,,,,,,,,,,,,,,,,,,,,,,,,,,,,,,,,
6104,Mongolia,-20,-10,0,40,100,60,70,30,40,170,450,620,840,980,1 200,270,-530,400,4 530,1 840,-390,,,,,,,,,,,,,,,,,,,,,,,,,,,,,,,,,,,
6105,Taiwan,10,140,140,220,250,180,120,710,1 350,910,230,720,870,710,-110,-1 400,-770,670,1 970,1 120,410,,,,,,,,,,,,,,,,,,,,,,,,,,,,,,,,,,,
6201,Japan,720,460,350,160,210,10,430,420,440,450,250,410,360,-20,-130,-710,-250,780,1 630,900,80,,,,,,,,,,,,,,,,,,,,,,,,,,,,,,,,,,,
6202,Korea, North,-40,-50,-40,-80,-20,-40,-50,-30,-20,0,20,0,-10,10,-10,-20,-10,-20,0,10,-10,,,,,,,,,,,,,,,,,,,,,,,,,,,,,,,,,,,
6203,Korea, South,2 940,4 050,4 580,4 480,3 720,1 950,1 360,1 570,2 080,1 220,1 450,1 800,1 630,560,-420,-2 390,-1 650,820,2 740,990,620,,,,,,,,,,,,,,,,,,,,,,,,,,,,,,,,,,,
7101,Bangladesh,1 480,1 090,1 890,1 640,1 620,1 460,1 120,1 120,1 090,1 180,1 580,1 790,1 730,1 650,1 380,1 400,-160,1 320,3 070,4 930,5 330,,,,,,,,,,,,,,,,,,,,,,,,,,,,,,,,,,,
7102,Bhutan,10,0,20,-10,190,170,160,110,100,140,90,100,80,80,50,80,0,160,280,230,90,,,,,,,,,,,,,,,,,,,,,,,,,,,,,,,,,,,
7103,India,6 340,7 770,11 650,14 640,13 180,4 940,3 150,5 270,7 330,10 300,12 400,13 750,17 020,18 530,21 970,17 610,-1 650,13 820,27 620,18 620,15 610,,,,,,,,,,,,,,,,,,,,,,,,,,,,,,,,,,,
7104,Maldives,10,10,10,10,10,-10,0,10,10,10,0,0,10,0,-10,10,0,10,20,20,10,,,,,,,,,,,,,,,,,,,,,,,,,,,,,,,,,,,
7105,Nepal,250,740,3 220,5 520,6 460,1 340,210,1 040,1 530,3 650,3 740,4 970,9 600,14 220,15 260,7 660,-1 190,14 870,16 870,9 920,8 770,,,,,,,,,,,,,,,,,,,,,,,,,,,,,,,,,,,
7106,Pakistan,650,730,1 110,1 170,1 390,1 370,1 500,1 960,2 300,2 500,2 960,2 710,2 860,3 100,2 740,2 090,80,2 830,6 780,4 380,2 740,,,,,,,,,,,,,,,,,,,,,,,,,,,,,,,,,,,
7107,Sri Lanka,750,790,980,1 250,1 260,1 000,720,810,970,690,670,680,770,680,880,980,350,830,2 090,2 410,2 710,,,,,,,,,,,,,,,,,,,,,,,,,,,,,,,,,,,
7201,Afghanistan,840,1 060,680,440,490,440,430,350,610,970,590,630,630,650,620,610,460,1 790,1 530,2 650,2 100,,,,,,,,,,,,,,,,,,,,,,,,,,,,,,,,,,,
7202,Armenia,10,10,10,20,10,20,0,10,10,10,20,20,20,10,10,0,10,10,10,20,20,,,,,,,,,,,,,,,,,,,,,,,,,,,,,,,,,,,
7203,Azerbaijan,0,0,0,0,10,10,10,20,10,10,20,20,10,20,10,0,0,0,30,20,0,,,,,,,,,,,,,,,,,,,,,,,,,,,,,,,,,,,
7204,Georgia,10,10,10,10,10,10,10,10,20,10,10,20,10,20,10,0,20,10,20,20,10,,,,,,,,,,,,,,,,,,,,,,,,,,,,,,,,,,,
7205,Kazakhstan,20,40,30,30,40,40,60,70,40,40,40,50,50,40,40,10,10,20,60,60,60,,,,,,,,,,,,,,,,,,,,,,,,,,,,,,,,,,,
7206,Kyrgyzstan,0,10,10,10,0,10,20,10,20,10,0,20,10,10,20,10,0,10,40,20,10,,,,,,,,,,,,,,,,,,,,,,,,,,,,,,,,,,,
7207,Tajikistan,0,0,0,0,0,10,10,0,0,10,10,0,0,0,10,10,0,0,10,10,10,,,,,,,,,,,,,,,,,,,,,,,,,,,,,,,,,,,
7208,Turkmenistan,0,0,0,0,0,0,0,10,0,10,0,0,0,0,0,0,0,0,0,0,10,,,,,,,,,,,,,,,,,,,,,,,,,,,,,,,,,,,
7211,Uzbekistan,20,30,20,20,20,30,20,30,20,40,50,40,40,40,40,30,-20,40,90,70,120,,,,,,,,,,,,,,,,,,,,,,,,,,,,,,,,,,,
8101,Bermuda,10,0,0,10,10,0,10,10,0,0,10,10,10,10,0,10,0,0,0,10,10,,,,,,,,,,,,,,,,,,,,,,,,,,,,,,,,,,,
8102,Canada,680,620,590,700,540,470,560,580,540,420,420,480,380,200,290,130,60,130,480,370,440,,,,,,,,,,,,,,,,,,,,,,,,,,,,,,,,,,,
8103,St Pierre/Mique,0,0,0,0,0,0,0,0,0,0,0,0,0,0,0,0,0,0,0,0,0,,,,,,,,,,,,,,,,,,,,,,,,,,,,,,,,,,,
8104,USA,1 380,670,1 420,690,-180,1 220,1 740,1 620,1 350,1 140,1 050,1 220,1 140,210,40,880,350,50,1 160,1 080,1 000,,,,,,,,,,,,,,,,,,,,,,,,,,,,,,,,,,,
8201,Argentina,120,40,40,40,0,90,70,70,210,230,220,300,380,530,1 040,1 830,-220,310,3 250,1 180,300,,,,,,,,,,,,,,,,,,,,,,,,,,,,,,,,,,,
8202,Bolivia,0,10,10,20,-10,10,30,10,10,10,0,0,10,10,10,20,10,10,50,30,0,,,,,,,,,,,,,,,,,,,,,,,,,,,,,,,,,,,
8203,Brazil,620,920,1 140,1 330,930,400,250,450,520,1 320,1 540,3 150,4 120,3 330,2 150,470,-850,1 060,5 090,2 420,310,,,,,,,,,,,,,,,,,,,,,,,,,,,,,,,,,,,
8204,Chile,40,80,160,160,180,140,120,90,110,150,290,510,520,520,550,740,-170,270,1 570,660,240,,,,,,,,,,,,,,,,,,,,,,,,,,,,,,,,,,,
8205,Colombia,110,330,550,790,760,440,300,410,460,410,540,970,1 330,1 290,1 640,1 420,-420,330,6 630,2 120,-1 300,,,,,,,,,,,,,,,,,,,,,,,,,,,,,,,,,,,
8206,Ecuador,20,20,20,30,20,30,30,20,30,40,30,10,50,30,60,50,0,20,400,370,20,,,,,,,,,,,,,,,,,,,,,,,,,,,,,,,,,,,
8207,Falkland Is,0,0,0,0,0,0,0,0,0,0,0,0,0,0,0,0,0,0,0,0,0,,,,,,,,,,,,,,,,,,,,,,,,,,,,,,,,,,,
8208,French Guiana,0,0,0,0,0,0,0,0,0,0,0,0,0,0,0,0,0,0,0,0,0,,,,,,,,,,,,,,,,,,,,,,,,,,,,,,,,,,,
8211,Guyana,0,0,0,0,10,10,0,0,10,0,10,10,0,0,0,0,0,0,0,0,0,,,,,,,,,,,,,,,,,,,,,,,,,,,,,,,,,,,
8212,Paraguay,0,10,0,0,10,10,0,10,10,0,0,0,10,-10,10,10,0,10,50,30,20,,,,,,,,,,,,,,,,,,,,,,,,,,,,,,,,,,,
8213,Peru,120,230,320,450,400,270,120,70,150,90,120,120,160,180,160,250,0,110,870,540,120,,,,,,,,,,,,,,,,,,,,,,,,,,,,,,,,,,,
8214,Suriname,0,0,0,0,0,0,0,0,10,0,0,0,0,0,0,0,0,0,0,0,0,,,,,,,,,,,,,,,,,,,,,,,,,,,,,,,,,,,
8215,Uruguay,0,30,0,0,-20,0,0,10,-10,30,10,20,60,60,110,60,-50,60,160,50,30,,,,,,,,,,,,,,,,,,,,,,,,,,,,,,,,,,,
8216,Venezuela,40,60,60,130,120,180,150,110,80,120,250,270,160,0,30,90,20,-10,160,100,10,,,,,,,,,,,,,,,,,,,,,,,,,,,,,,,,,,,
8299,S America, nec,0,0,0,0,0,0,0,0,0,0,0,0,0,0,0,0,0,0,0,0,0,,,,,,,,,,,,,,,,,,,,,,,,,,,,,,,,,,,
8301,Belize,0,0,0,0,0,0,0,0,0,0,0,0,0,0,0,0,0,0,0,0,0,,,,,,,,,,,,,,,,,,,,,,,,,,,,,,,,,,,
8302,Costa Rica,0,10,10,0,0,10,10,0,-20,20,0,10,10,0,10,0,0,10,10,10,0,,,,,,,,,,,,,,,,,,,,,,,,,,,,,,,,,,,
8303,El Salvador,10,10,10,10,20,40,10,20,10,10,10,0,10,10,0,40,10,0,20,0,0,,,,,,,,,,,,,,,,,,,,,,,,,,,,,,,,,,,
8304,Guatemala,0,0,10,20,0,0,10,20,0,20,10,0,10,10,20,10,0,20,40,20,0,,,,,,,,,,,,,,,,,,,,,,,,,,,,,,,,,,,
8305,Honduras,0,10,0,0,0,0,0,0,10,10,10,-10,10,0,10,10,0,0,10,0,0,,,,,,,,,,,,,,,,,,,,,,,,,,,,,,,,,,,
8306,Mexico,50,60,80,130,20,100,100,190,70,120,140,180,180,180,240,80,-40,90,420,250,110,,,,,,,,,,,,,,,,,,,,,,,,,,,,,,,,,,,
8307,Nicaragua,-10,0,0,0,10,0,0,0,10,10,-10,0,10,10,10,10,10,0,-10,0,0,,,,,,,,,,,,,,,,,,,,,,,,,,,,,,,,,,,
8308,Panama,10,10,-10,10,-10,10,10,0,0,10,0,0,10,0,10,20,0,10,10,10,0,,,,,,,,,,,,,,,,,,,,,,,,,,,,,,,,,,,
8401,Anguilla,0,0,0,0,0,0,0,0,0,0,0,0,0,0,0,0,0,0,0,0,0,,,,,,,,,,,,,,,,,,,,,,,,,,,,,,,,,,,
8402,Antigua/Barbuda,0,0,0,0,0,0,0,0,0,0,0,0,0,0,0,0,0,0,0,0,0,,,,,,,,,,,,,,,,,,,,,,,,,,,,,,,,,,,
8403,Aruba,0,0,0,0,0,0,0,0,0,0,0,0,0,0,0,0,0,0,0,0,0,,,,,,,,,,,,,,,,,,,,,,,,,,,,,,,,,,,
8404,Bahamas,0,0,0,-10,0,10,0,0,0,0,0,0,10,0,0,0,0,0,0,0,0,,,,,,,,,,,,,,,,,,,,,,,,,,,,,,,,,,,
8405,Barbados,0,10,0,0,0,0,0,10,10,0,0,10,0,0,0,0,0,0,0,0,0,,,,,,,,,,,,,,,,,,,,,,,,,,,,,,,,,,,
8406,Cayman Islands,0,0,0,0,10,10,0,10,0,0,10,10,0,0,0,10,0,10,0,10,0,,,,,,,,,,,,,,,,,,,,,,,,,,,,,,,,,,,
8407,Cuba,10,0,0,10,10,20,0,10,20,0,10,0,10,0,10,10,0,0,10,10,10,,,,,,,,,,,,,,,,,,,,,,,,,,,,,,,,,,,
8408,Dominica,0,0,0,0,0,0,0,0,0,0,0,0,0,0,0,0,0,0,0,0,0,,,,,,,,,,,,,,,,,,,,,,,,,,,,,,,,,,,
8411,Dominican Rep,0,0,10,10,0,10,0,0,-10,10,10,-10,0,10,10,0,10,0,10,10,0,,,,,,,,,,,,,,,,,,,,,,,,,,,,,,,,,,,
8412,Grenada,0,0,0,0,0,0,0,0,0,0,0,0,0,0,0,0,0,0,0,0,0,,,,,,,,,,,,,,,,,,,,,,,,,,,,,,,,,,,
8413,Guadeloupe,0,0,0,0,0,0,0,0,0,0,0,0,0,0,0,0,0,0,0,0,0,,,,,,,,,,,,,,,,,,,,,,,,,,,,,,,,,,,
8414,Haiti,0,0,0,0,0,0,0,0,0,0,0,0,0,0,0,0,0,0,10,0,0,,,,,,,,,,,,,,,,,,,,,,,,,,,,,,,,,,,
8415,Jamaica,10,0,10,0,10,0,0,0,0,10,10,10,10,0,-10,0,0,0,10,0,10,,,,,,,,,,,,,,,,,,,,,,,,,,,,,,,,,,,
8416,Martinique,0,0,0,0,0,0,0,0,0,10,0,0,0,0,0,0,0,0,0,0,0,,,,,,,,,,,,,,,,,,,,,,,,,,,,,,,,,,,
8417,Montserrat,0,0,0,0,0,0,0,0,0,0,0,0,0,0,0,0,0,0,0,0,0,,,,,,,,,,,,,,,,,,,,,,,,,,,,,,,,,,,
8421,Puerto Rico,0,0,0,10,-20,0,0,0,10,0,0,0,0,0,0,10,0,0,0,0,0,,,,,,,,,,,,,,,,,,,,,,,,,,,,,,,,,,,
8422,St Kitts/Nevis,0,0,0,0,0,0,0,0,0,0,0,0,0,0,0,0,0,0,0,0,0,,,,,,,,,,,,,,,,,,,,,,,,,,,,,,,,,,,
8423,St Lucia,0,0,0,0,0,0,0,0,0,0,0,0,0,0,0,0,0,0,0,0,0,,,,,,,,,,,,,,,,,,,,,,,,,,,,,,,,,,,
8424,St Vinc/Grenad,0,0,0,0,-10,0,0,0,0,0,0,0,0,0,0,0,0,0,0,0,0,,,,,,,,,,,,,,,,,,,,,,,,,,,,,,,,,,,
8425,Trinidad/Tobago,10,10,0,10,-10,10,10,20,0,10,10,10,0,0,0,10,0,0,-10,0,0,,,,,,,,,,,,,,,,,,,,,,,,,,,,,,,,,,,
8426,Turks/Caicos Is,0,0,0,0,0,0,0,0,0,0,0,0,0,0,0,0,0,0,0,0,0,,,,,,,,,,,,,,,,,,,,,,,,,,,,,,,,,,,
8427,Virgin Is, Brit,0,0,0,0,0,0,0,0,0,0,0,0,0,0,0,0,0,0,0,0,0,,,,,,,,,,,,,,,,,,,,,,,,,,,,,,,,,,,
8428,Virgin Is, US,0,0,0,0,0,0,0,0,0,0,0,0,0,0,0,0,0,0,0,0,0,,,,,,,,,,,,,,,,,,,,,,,,,,,,,,,,,,,
8431,St Barthelemy,0,0,0,0,0,0,0,0,0,0,0,0,0,0,0,0,0,0,0,0,0,,,,,,,,,,,,,,,,,,,,,,,,,,,,,,,,,,,
8432,St Martin (Fr),0,0,0,0,0,0,0,0,0,0,0,0,0,0,0,0,0,0,0,0,0,,,,,,,,,,,,,,,,,,,,,,,,,,,,,,,,,,,
8433,Bonaire/SE/Saba,0,0,0,0,0,0,0,0,0,0,0,0,0,0,0,0,0,0,0,0,0,,,,,,,,,,,,,,,,,,,,,,,,,,,,,,,,,,,
8434,Curacao,0,10,0,0,0,0,0,0,0,0,0,0,0,0,0,0,0,0,10,0,0,,,,,,,,,,,,,,,,,,,,,,,,,,,,,,,,,,,
8435,Sint Maarten Dp,0,0,0,0,0,0,0,0,0,0,0,0,0,0,0,0,0,0,0,0,0,,,,,,,,,,,,,,,,,,,,,,,,,,,,,,,,,,,
9101,Benin,0,0,10,10,10,0,0,0,0,0,0,0,0,0,0,0,0,0,0,0,0,,,,,,,,,,,,,,,,,,,,,,,,,,,,,,,,,,,
9102,Burkina Faso,0,0,0,0,0,0,0,0,0,0,0,0,0,0,0,0,0,0,0,0,0,,,,,,,,,,,,,,,,,,,,,,,,,,,,,,,,,,,
9103,Cameroon,0,10,10,20,10,10,20,10,10,0,20,10,10,10,10,0,0,20,20,10,0,,,,,,,,,,,,,,,,,,,,,,,,,,,,,,,,,,,
9104,Cabo Verde,0,0,0,0,0,0,0,0,0,0,0,0,0,0,0,0,0,0,0,0,0,,,,,,,,,,,,,,,,,,,,,,,,,,,,,,,,,,,
9105,Cent Africa Rep,0,0,0,0,0,0,0,0,0,0,0,0,0,0,0,0,0,0,0,0,0,,,,,,,,,,,,,,,,,,,,,,,,,,,,,,,,,,,
9106,Chad,0,0,0,0,0,0,0,0,0,0,0,0,0,0,0,0,0,0,0,0,0,,,,,,,,,,,,,,,,,,,,,,,,,,,,,,,,,,,
9107,Congo, Rep,70,50,40,10,50,40,10,40,10,0,10,10,10,10,10,0,10,0,10,10,10,,,,,,,,,,,,,,,,,,,,,,,,,,,,,,,,,,,
9108,Congo, Dem Rep,10,40,150,150,130,200,130,60,60,120,100,120,80,130,360,160,20,50,40,310,120,,,,,,,,,,,,,,,,,,,,,,,,,,,,,,,,,,,
9111,Cote d'Ivoire,30,30,30,10,20,10,10,10,0,10,10,0,10,10,0,0,0,0,0,10,10,,,,,,,,,,,,,,,,,,,,,,,,,,,,,,,,,,,
9112,Equator Guinea,0,0,0,0,0,0,0,0,0,0,0,0,0,0,0,0,0,0,0,0,0,,,,,,,,,,,,,,,,,,,,,,,,,,,,,,,,,,,
9113,Gabon,0,0,0,0,0,0,0,0,0,0,10,0,10,-10,0,0,0,0,0,0,0,,,,,,,,,,,,,,,,,,,,,,,,,,,,,,,,,,,
9114,Gambia,0,0,0,0,0,0,0,0,0,0,10,0,0,0,0,0,0,0,0,10,10,,,,,,,,,,,,,,,,,,,,,,,,,,,,,,,,,,,
9115,Ghana,70,110,120,110,100,140,110,110,150,120,110,140,180,120,150,70,-20,140,230,250,170,,,,,,,,,,,,,,,,,,,,,,,,,,,,,,,,,,,
9116,Guinea,60,50,50,40,20,50,30,30,20,30,10,10,30,10,10,10,0,20,0,10,10,,,,,,,,,,,,,,,,,,,,,,,,,,,,,,,,,,,
9117,Guinea-Bissau,0,0,0,0,0,0,0,0,0,0,0,0,0,0,0,0,0,0,0,0,0,,,,,,,,,,,,,,,,,,,,,,,,,,,,,,,,,,,
9118,Liberia,250,190,180,50,70,40,30,40,20,10,30,0,20,10,0,-10,10,20,10,10,10,,,,,,,,,,,,,,,,,,,,,,,,,,,,,,,,,,,
9121,Mali,0,0,0,0,0,0,0,0,0,0,0,0,0,0,0,0,0,0,0,0,0,,,,,,,,,,,,,,,,,,,,,,,,,,,,,,,,,,,
9122,Mauritania,0,0,0,10,0,0,0,0,0,0,0,0,0,0,0,0,0,0,0,0,0,,,,,,,,,,,,,,,,,,,,,,,,,,,,,,,,,,,
9123,Niger,0,0,0,0,0,0,0,0,0,0,0,0,0,0,0,0,0,0,0,0,0,,,,,,,,,,,,,,,,,,,,,,,,,,,,,,,,,,,
9124,Nigeria,60,70,100,80,150,160,150,130,230,280,350,450,630,420,400,280,60,600,750,630,420,,,,,,,,,,,,,,,,,,,,,,,,,,,,,,,,,,,
9125,Sao Tome/Princ,0,0,0,0,0,0,0,0,0,0,0,0,0,0,0,0,0,0,0,0,0,,,,,,,,,,,,,,,,,,,,,,,,,,,,,,,,,,,
9126,Senegal,10,0,20,10,0,0,10,0,10,10,0,0,10,10,0,0,0,0,10,-10,0,,,,,,,,,,,,,,,,,,,,,,,,,,,,,,,,,,,
9127,Sierra Leone,250,330,320,160,140,240,90,70,50,40,10,10,50,40,20,10,10,50,40,10,20,,,,,,,,,,,,,,,,,,,,,,,,,,,,,,,,,,,
9128,Togo,0,0,10,30,20,40,20,10,10,10,0,0,0,0,0,0,0,0,0,0,0,,,,,,,,,,,,,,,,,,,,,,,,,,,,,,,,,,,
9201,Angola,0,0,10,10,0,10,0,0,10,0,0,0,0,0,0,0,0,0,10,-10,0,,,,,,,,,,,,,,,,,,,,,,,,,,,,,,,,,,,
9202,Botswana,40,-30,-10,20,-10,0,10,10,0,10,0,0,20,20,20,10,10,10,40,30,20,,,,,,,,,,,,,,,,,,,,,,,,,,,,,,,,,,,
9203,Burundi,60,80,170,60,50,60,20,30,10,10,30,10,20,30,60,10,0,20,20,80,40,,,,,,,,,,,,,,,,,,,,,,,,,,,,,,,,,,,
9204,Comoros,0,0,0,0,0,0,0,0,0,0,0,0,0,0,0,0,0,0,0,0,0,,,,,,,,,,,,,,,,,,,,,,,,,,,,,,,,,,,
9205,Djibouti,0,0,0,0,0,0,0,0,0,0,0,0,0,0,0,0,0,0,0,0,0,,,,,,,,,,,,,,,,,,,,,,,,,,,,,,,,,,,
9206,Eritrea,20,20,20,10,30,20,30,60,10,40,20,30,30,30,20,30,10,20,20,20,50,,,,,,,,,,,,,,,,,,,,,,,,,,,,,,,,,,,
9207,Ethiopia,70,70,90,80,140,190,90,90,50,90,80,60,100,70,80,80,50,60,90,180,140,,,,,,,,,,,,,,,,,,,,,,,,,,,,,,,,,,,
9208,Kenya,150,170,200,180,200,170,130,90,100,150,190,200,400,330,300,180,30,480,860,1 050,530,,,,,,,,,,,,,,,,,,,,,,,,,,,,,,,,,,,
9211,Lesotho,0,0,0,10,0,0,0,10,0,10,0,0,0,0,0,0,0,0,10,10,0,,,,,,,,,,,,,,,,,,,,,,,,,,,,,,,,,,,
9212,Madagascar,0,0,0,0,0,0,0,0,0,0,0,0,0,0,10,0,0,0,0,0,10,,,,,,,,,,,,,,,,,,,,,,,,,,,,,,,,,,,
9213,Malawi,10,10,20,10,10,10,20,20,10,0,0,20,20,0,40,10,0,10,10,80,20,,,,,,,,,,,,,,,,,,,,,,,,,,,,,,,,,,,
9214,Mauritius,70,110,190,420,410,20,-10,10,60,20,40,40,70,40,40,70,-30,70,90,20,20,,,,,,,,,,,,,,,,,,,,,,,,,,,,,,,,,,,
9215,Mayotte,0,0,0,0,0,0,0,0,0,0,0,0,0,0,0,0,0,0,0,0,0,,,,,,,,,,,,,,,,,,,,,,,,,,,,,,,,,,,
9216,Mozambique,10,0,0,10,10,-10,10,0,10,0,0,0,10,0,10,0,-10,0,20,10,0,,,,,,,,,,,,,,,,,,,,,,,,,,,,,,,,,,,
9217,Namibia,10,0,10,20,20,10,20,10,10,0,10,10,20,10,20,20,10,20,30,20,10,,,,,,,,,,,,,,,,,,,,,,,,,,,,,,,,,,,
9218,Reunion,0,0,10,10,10,0,10,0,0,0,10,0,10,0,0,0,0,0,0,0,0,,,,,,,,,,,,,,,,,,,,,,,,,,,,,,,,,,,
9221,Rwanda,10,10,30,10,10,50,30,30,20,20,10,10,20,10,10,10,0,10,20,50,40,,,,,,,,,,,,,,,,,,,,,,,,,,,,,,,,,,,
9222,St Helena,0,0,0,0,0,0,0,0,0,0,0,0,0,0,0,0,0,0,0,0,0,,,,,,,,,,,,,,,,,,,,,,,,,,,,,,,,,,,
9223,Seychelles,10,-10,0,0,0,0,0,10,0,10,0,0,0,0,10,0,0,0,0,0,0,,,,,,,,,,,,,,,,,,,,,,,,,,,,,,,,,,,
9224,Somalia,60,70,80,40,110,80,40,30,60,50,50,50,20,30,10,10,40,10,20,20,50,,,,,,,,,,,,,,,,,,,,,,,,,,,,,,,,,,,
9225,South Africa,1 250,1 280,1 530,2 230,2 530,1 210,1 320,1 190,990,920,850,1 230,1 830,1 380,1 460,1 870,1 450,1 230,2 180,2 020,1 240,,,,,,,,,,,,,,,,,,,,,,,,,,,,,,,,,,,
9226,Eswatini,0,0,0,0,0,10,10,0,0,-10,0,0,0,10,10,0,0,0,0,0,0,,,,,,,,,,,,,,,,,,,,,,,,,,,,,,,,,,,
9227,Tanzania,50,70,120,100,70,60,20,20,30,30,20,30,30,30,30,10,10,0,30,20,30,,,,,,,,,,,,,,,,,,,,,,,,,,,,,,,,,,,
9228,Uganda,70,40,50,50,50,30,60,10,50,50,20,20,60,30,60,50,10,40,40,50,60,,,,,,,,,,,,,,,,,,,,,,,,,,,,,,,,,,,
9231,Zambia,40,50,40,60,20,30,60,40,30,30,20,0,20,10,30,30,20,20,70,120,30,,,,,,,,,,,,,,,,,,,,,,,,,,,,,,,,,,,
9232,Zimbabwe,650,620,540,620,490,230,200,240,230,210,170,270,300,210,270,230,130,270,610,620,470,,,,,,,,,,,,,,,,,,,,,,,,,,,,,,,,,,,
9299,S & E Afr, nec,0,0,0,0,0,0,0,0,0,0,0,0,0,0,0,0,0,0,0,0,0,,,,,,,,,,,,,,,,,,,,,,,,,,,,,,,,,,,
0000,Inadequately Described,0,0,0,0,0,0,0,0,0,0,0,0,0,0,0,0,0,0,0,0,0,,,,,,,,,,,,,,,,,,,,,,,,,,,,,,,,,,,
,,,,,,,,,,,,,,,,,,,,,,,,,,,,,,,,,,,,,,,,,,,,,,,,,,,,,,,,,
,Total Australian-born,-7 430,-6 170,-5 910,-6 760,-2 120,-2 140,-3 440,-3 740,-3 930,-6 630,-7 240,-7 100,-5 460,-6 520,-4 550,5 620,8 270,-5 260,-10 160,-7 300,-5 700,,,,,,,,,,,,,,,,,,,,,,,,,,,,,,,,,,,
,Total overseas-born,54 870,59 780,79 480,94 150,88 860,59 290,55 120,60 970,70 700,73 620,77 550,87 110,110 960,97 170,89 090,52 270,-15 590,75 980,188 190,140 420,97 270,,,,,,,,,,,,,,,,,,,,,,,,,,,,,,,,,,,
,,,,,,,,,,,,,,,,,,,,,,,,,,,,,,,,,,,,,,,,,,,,,,,,,,,,,,,,,
,Total,47 440,53 610,73 570,87 390,86 740,57 150,51 680,57 230,66 760,66 990,70 310,80 010,105 500,90 650,84 540,57 890,-7 330,70 720,178 040,133 120,91 570,,,,,,,,,,,,,,,,,,,,,,,,,,,,,,,,,,,
,,,,,,,,,,,,,,,,,,,,,,,,,,,,,,,,,,,,,,,,,,,,,,,,,,,,,,,,,
© Commonwealth of Australia 2025,,,,,,,,,,,,,,,,,,,,,,,,,,,,,,,,,,,,,,,,,,,,,,,,,,,,,,,,,
,,,,,,,,,,,,,,,,,,,,,,,,,,,,,,,,,,,,,,,,,,,,,,,,,,,,,,,,,
,,,,,,,,,,,,,,,,,,,,,,,,,,,,,,,,,,,,,,,,,,,,,,,,,,,,,,,,,
,,,,,,,,,,,,,,,,,,,,,,,,,,,,,,,,,,,,,,,,,,,,,,,,,,,,,,,,,
,,,,,,,,,,,,,,,,,,,,,,,,,,,,,,,,,,,,,,,,,,,,,,,,,,,,,,,,,
,,,,,,,,,,,,,,,,,,,,,,,,,,,,,,,,,,,,,,,,,,,,,,,,,,,,,,,,,
,,,,,,,,,,,,,,,,,,,,,,,,,,,,,,,,,,,,,,,,,,,,,,,,,,,,,,,,,