Table 4.3 Overseas migrant arrivals and departures, by visa and citizenship groups, Victoria, 2004-05 to 2024-25(a)(b),,,,,,,,,,,,,,,,,,,,,,,
Direction,Visa and citizenship groups(c),,2004-05,2005-06,2006-07,2007-08,2008-09,2009-10,2010-11,2011-12,2012-13,2013-14,2014-15,2015-16,2016-17,2017-18,2018-19,2019-20,2020-21,2021-22,2022-23,2023-24,2024-25(f)
Overseas migrant arrivals(d),Permanent visas,Family,7 850,8 190,8 990,9 180,9 770,10 050,9 790,10 040,9 930,10 470,9 600,9 680,9 290,8 420,7 960,6 620,3 920,8 040,6 920,8 220,8 270
,,Skilled (permanent),9 330,11 080,12 620,14 290,13 660,11 580,9 710,10 810,10 650,11 430,12 890,13 420,15 230,14 410,12 660,8 420,3 630,9 260,10 620,11 710,9 980
,,Special eligibility & humanitarian,3 940,3 440,3 380,2 740,3 040,2 650,2 440,2 180,2 960,3 540,3 600,3 210,7 220,3 650,4 110,3 650,150,2 740,4 440,6 030,5 690
,,Other (permanent),880,830,930,960,990,1 020,1 140,1 120,1 360,1 500,1 570,1 850,1 900,1 790,2 300,3 100,1 300,3 060,3 610,3 000,2 780
,Total permanent visas,,22 000,23 540,25 910,27 160,27 450,25 290,23 080,24 150,24 890,26 930,27 660,28 150,33 640,28 270,27 030,21 780,9 000,23 100,25 590,28 960,26 730
,Temporary visas,Student,19 880,23 390,35 490,43 520,51 970,32 950,21 540,20 940,25 450,35 040,37 910,42 100,49 000,53 030,56 530,37 150,300,46 740,80 000,60 680,50 110
,,Student - vocational education and training,2 300,3 630,7 130,10 130,20 180,8 750,3 010,2 530,1 970,2 070,2 340,3 530,3 900,5 580,5 590,3 080,20,5 120,10 000,5 530,2 260
,,Student - higher education,10 060,14 170,21 760,26 100,24 720,17 580,12 740,12 660,17 870,25 860,28 460,30 640,36 150,38 430,41 990,27 390,160,35 010,51 560,44 610,41 560
,,Student - other,7 530,5 580,6 610,7 300,7 070,6 620,5 800,5 750,5 600,7 110,7 110,7 930,8 950,9 020,8 950,6 670,130,6 620,18 440,10 540,6 280
,,Skilled (temporary),4 130,5 600,7 220,8 450,8 270,5 940,8 380,9 070,8 060,7 180,7 570,7 670,9 040,7 620,9 240,5 850,1 400,6 310,13 790,12 060,9 890
,,Working holiday,1 800,2 310,2 970,4 030,4 920,5 490,7 960,10 330,11 610,11 260,11 200,11 460,12 260,13 160,12 870,11 720,160,4 910,17 280,19 050,18 410
,,Visitors,7 270,7 170,7 940,10 230,8 910,9 430,9 780,10 740,11 530,11 970,14 730,19 190,22 590,25 930,29 110,38 240,1 480,15 600,33 640,26 830,16 490
,,Other (temporary),1 550,1 350,1 210,1 430,1 350,1 300,1 810,2 000,2 150,1 890,2 100,2 530,3 230,4 020,4 440,6 040,1 040,8 860,13 450,11 300,6 860
,Total temporary visas,,34 630,39 820,54 820,67 650,75 420,55 110,49 470,53 070,58 790,67 330,73 500,82 960,96 110,103 760,112 190,98 990,4 390,82 410,158 160,129 900,101 750
,New Zealand citizens (subclass 444)(g),,7 020,7 250,8 300,9 090,8 620,7 950,11 490,12 870,12 410,9 360,8 340,9 360,9 010,8 710,8 780,6 270,3 310,7 050,12 990,14 850,14 240
,Australian citizens (no visa),,16 410,17 210,17 230,17 590,18 860,18 660,18 760,19 170,19 130,18 070,18 060,18 990,20 110,19 990,19 840,23 150,10 360,16 180,15 300,15 680,16 350
,Total(h),,81 230,89 860,108 600,123 450,132 640,109 130,104 900,112 280,119 250,122 250,128 170,140 220,159 630,161 170,168 310,150 640,27 140,128 730,212 040,189 390,159 070
,,,,,,,,,,,,,,,,,,,,,,,
Overseas migrant departures(e),Permanent visas,Family,920,900,1 090,1 160,1 150,1 360,1 510,1 450,1 440,1 470,1 600,1 490,1 460,1 420,1 650,1 900,1 490,1 860,1 590,1 410,1 380
,,Skilled (permanent),2 020,1 960,2 070,2 070,1 860,2 420,2 190,2 010,2 100,2 040,2 240,2 230,2 280,2 280,2 370,3 090,2 880,2 250,1 400,1 380,1 480
,,Special eligibility & humanitarian,50,80,10,30,30,30,40,50,30,40,40,40,30,40,50,40,20,30,40,60,60
,,Other (permanent),1 230,1 080,1 160,1 210,1 150,1 360,1 490,1 430,1 510,1 580,1 650,1 690,1 810,1 970,2 290,2 940,2 640,3 240,2 830,2 530,2 520
,Total permanent visas,,4 210,4 010,4 340,4 460,4 200,5 170,5 230,4 940,5 080,5 140,5 530,5 440,5 580,5 700,6 350,7 970,7 030,7 380,5 850,5 380,5 440
,Temporary visas,Student,5 720,7 180,6 810,7 180,8 480,11 830,14 450,13 180,12 220,11 920,12 420,12 550,13 630,16 520,20 720,31 780,24 670,8 250,4 540,9 580,14 370
,,Student - vocational education and training,620,710,650,800,1 120,2 450,3 200,2 070,1 730,1 830,2 060,2 110,2 560,3 660,4 300,5 770,3 660,1 890,1 180,2 190,3 360
,,Student - higher education,2 570,4 340,4 600,4 620,5 560,7 510,9 190,9 030,8 220,7 770,7 530,7 640,8 360,10 250,13 650,22 140,18 390,5 150,2 590,5 480,8 600
,,Student - other,2 530,2 140,1 560,1 750,1 800,1 860,2 050,2 080,2 270,2 320,2 830,2 790,2 700,2 600,2 770,3 870,2 620,1 210,770,1 910,2 410
,,Skilled (temporary),1 700,1 920,2 180,2 550,2 980,3 290,2 940,3 250,4 220,4 710,4 250,3 950,3 450,3 700,3 650,3 460,3 330,2 210,1 250,1 830,2 510
,,Working holiday,480,420,710,1 140,1 490,2 190,2 630,2 720,3 820,5 350,5 950,5 990,5 780,5 380,6 310,6 820,2 120,1 070,710,2 650,5 710
,,Visitors,2 710,2 570,2 270,3 700,3 770,3 210,3 590,2 890,3 290,3 100,3 220,4 610,4 680,5 660,7 560,4 850,4 910,5 360,5 350,4 860,5 110
,,Other (temporary),2 870,2 660,2 520,2 520,3 380,4 640,5 090,5 570,6 110,6 830,5 910,6 050,7 060,9 210,10 560,13 270,19 560,13 510,9 060,12 370,13 630
,Total temporary visas,,13 490,14 750,14 490,17 080,20 090,25 150,28 700,27 620,29 650,31 910,31 740,33 130,34 580,40 450,48 790,60 180,54 590,30 410,20 900,31 290,41 340
,New Zealand citizens (subclass 444)(g),,3 070,2 880,2 860,2 900,3 010,3 110,3 090,2 930,3 760,4 660,5 050,5 110,5 120,4 810,4 930,4 900,5 380,3 650,3 710,3 160,3 420
,Australian citizens (no visa),,20 880,21 220,22 010,22 900,19 280,19 530,20 750,19 780,20 740,22 350,24 110,23 440,22 190,21 810,21 470,15 950,12 320,20 600,21 680,21 680,21 100
,Total(h),,43 610,44 870,46 060,49 880,49 030,55 450,60 270,56 100,60 210,65 350,67 480,68 000,68 380,74 200,82 840,90 070,80 130,62 040,52 150,61 510,71 300
,,,,,,,,,,,,,,,,,,,,,,,
© Commonwealth of Australia 2025,,,,,,,,,,,,,,,,,,,,,,,