Table 4.1 Overseas migrant arrivals and departures, by visa and citizenship groups, Australia, 2004-05 to 2024-25(a)(b)(c),,,,,,,,,,,,,,,,,,,,,,,
Direction,Visa and citizenship groups(d),,2004-05,2005-06,2006-07,2007-08,2008-09,2009-10,2010-11,2011-12,2012-13,2013-14,2014-15,2015-16,2016-17,2017-18,2018-19,2019-20,2020-21,2021-22,2022-23,2023-24,2024-25(g)
Overseas migrant arrivals(e),Permanent visas,Family,28 430,30 400,32 480,33 100,35 060,35 580,33 730,34 770,35 230,35 510,32 050,31 590,29 680,26 280,24 290,20 300,15 650,25 910,21 100,23 120,24 390
,,Skilled (permanent),35 540,42 750,47 540,51 600,48 360,41 140,33 060,40 980,38 020,40 330,42 240,41 850,46 140,43 320,38 230,27 280,14 620,28 100,35 390,40 880,40 410
,,Special eligibility & humanitarian,13 580,12 320,12 400,9 470,11 630,9 920,9 180,7 700,8 540,13 170,11 690,11 080,24 120,12 190,15 340,13 000,590,7 780,12 970,17 590,14 870
,,Other (permanent),3 650,3 640,3 770,3 940,4 000,3 990,4 320,4 250,4 960,5 340,5 510,6 070,6 270,6 130,7 530,10 320,6 090,9 320,10 930,9 350,8 540
,Total permanent visas,,81 210,89 110,96 190,98 110,99 040,90 640,80 300,87 690,86 760,94 350,91 490,90 590,106 200,87 910,85 390,70 890,36 950,71 100,80 390,90 930,88 210
,Temporary visas,Student,66 180,73 090,103 730,133 730,152 760,106 660,75 350,73 270,86 210,114 330,122 130,132 130,149 410,157 630,164 340,110 440,1 510,141 420,277 760,204 130,156 710
,,Student - vocational education and training,7 990,10 500,19 970,31 420,53 570,25 710,11 000,10 150,8 460,9 740,11 180,15 270,16 300,19 650,22 650,11 420,120,21 470,38 140,20 020,8 690
,,Student - higher education,32 750,42 040,57 940,73 150,72 080,56 500,43 020,41 870,56 500,79 140,85 070,89 170,101 440,106 520,111 310,75 950,730,98 410,177 400,146 660,126 270
,,Student - other,25 440,20 550,25 810,29 160,27 110,24 450,21 330,21 250,21 260,25 450,25 870,27 690,31 670,31 460,30 390,23 070,670,21 540,62 220,37 450,21 750
,,Skilled (temporary),17 100,27 730,35 850,44 010,44 060,26 270,35 600,47 880,43 460,32 870,31 490,30 490,32 690,26 940,32 600,22 840,8 950,24 420,49 250,48 870,45 780
,,Working holiday,12 930,17 080,21 630,29 120,34 300,33 030,43 460,54 620,59 250,54 190,51 600,50 100,50 330,50 990,49 090,43 950,1 020,20 470,73 670,80 070,78 340
,,Visitors,35 770,36 100,37 590,49 990,42 340,40 260,41 710,42 720,47 920,44 440,50 240,60 550,72 270,79 430,91 220,117 740,7 700,47 410,108 350,85 330,56 080
,,Other (temporary),9 320,7 580,6 780,6 920,5 720,5 330,6 450,7 100,7 220,7 330,7 480,8 490,10 120,12 320,13 410,18 680,10 390,32 490,47 600,39 510,26 170
,Total temporary visas,,141 300,161 590,205 580,263 760,279 180,211 560,202 570,225 590,244 060,253 160,262 930,281 760,314 820,327 300,350 670,313 660,29 580,266 210,556 620,457 920,363 090
,New Zealand citizens (subclass 444)(h),,37 330,38 760,44 420,51 680,46 890,38 630,53 610,61 070,54 120,37 770,31 750,33 700,32 330,30 380,30 540,22 220,16 950,24 120,42 660,51 680,53 020
,Australian citizens (no visa),,69 260,72 610,75 300,75 830,80 440,78 870,78 870,76 070,77 100,72 180,71 680,75 800,79 280,77 160,78 900,96 410,61 370,62 480,58 750,60 840,64 060
,Total(i),,341 400,376 530,437 440,501 340,519 790,437 930,431 780,467 330,482 090,464 680,465 250,489 280,540 150,527 520,550 400,506 850,146 000,423 910,738 410,661 360,568 370
,,,,,,,,,,,,,,,,,,,,,,,
Overseas migrant departures(f),Permanent visas,Family,4 090,4 230,4 500,4 810,4 810,5 460,5 870,5 590,5 560,5 700,6 150,5 790,5 610,5 560,5 780,6 380,4 180,6 370,5 610,5 110,4 840
,,Skilled (permanent),6 570,6 800,7 140,7 430,7 330,9 090,8 080,7 730,7 480,7 960,8 640,8 570,8 060,7 770,7 490,8 500,6 560,6 930,4 850,4 890,5 200
,,Special eligibility & humanitarian,200,210,90,110,70,120,120,160,140,150,140,150,130,150,170,120,80,110,120,170,180
,,Other (permanent),5 160,4 640,4 660,4 820,4 390,5 230,5 310,5 380,5 490,5 880,6 350,6 470,6 690,7 110,8 110,9 410,7 110,10 250,9 560,8 380,8 410
,Total permanent visas,,16 020,15 880,16 380,17 180,16 600,19 900,19 380,18 850,18 670,19 690,21 280,20 980,20 490,20 590,21 540,24 410,17 930,23 650,20 140,18 540,18 630
,Temporary visas,Student,21 240,26 080,25 480,26 020,30 700,41 770,50 340,47 560,44 950,44 150,45 050,44 110,46 810,55 420,67 440,100 920,62 190,26 870,15 490,32 820,48 640
,,Student - vocational education and training,3 080,3 410,3 370,4 070,5 560,9 880,12 330,9 020,7 940,8 260,8 720,9 450,11 390,15 150,16 980,22 160,11 060,7 000,4 550,7 960,11 980
,,Student - higher education,9 010,14 780,16 020,15 620,18 120,24 200,30 100,30 390,28 370,26 560,25 330,24 190,25 410,31 150,40 930,66 030,43 580,15 530,7 930,18 950,28 640
,,Student - other,9 150,7 880,6 090,6 330,7 030,7 690,7 900,8 160,8 650,9 330,10 990,10 470,10 010,9 110,9 540,12 730,7 550,4 330,3 010,5 910,8 020
,,Skilled (temporary),7 220,8 480,9 390,10 600,13 560,14 600,12 710,13 360,18 240,22 290,21 410,18 880,15 900,15 500,15 660,13 650,11 320,8 730,5 630,7 340,10 080
,,Working holiday,3 530,2 840,4 650,7 770,10 480,15 030,15 560,15 720,20 850,26 970,28 510,27 470,25 960,22 500,25 080,25 520,7 820,4 580,2 960,11 680,24 950
,,Visitors,14 320,15 510,11 740,21 040,20 850,16 250,16 420,13 870,15 030,12 230,12 200,16 460,18 470,20 830,27 310,16 880,15 020,17 100,18 400,17 190,18 340
,,Other (temporary),13 210,11 930,11 230,11 800,14 370,17 310,19 400,19 070,19 960,22 130,20 900,22 370,24 080,29 310,33 040,39 870,50 180,42 180,31 850,44 530,45 920
,Total temporary visas,,59 520,64 830,62 480,77 230,89 960,104 960,114 430,109 580,119 030,127 760,128 060,129 280,131 220,143 550,168 530,196 830,146 530,99 450,74 330,113 560,147 930
,New Zealand citizens (subclass 444)(h),,16 920,16 080,15 470,15 410,16 930,17 990,16 810,16 380,20 060,25 300,27 080,27 640,25 600,22 910,22 410,20 850,19 050,15 230,16 390,14 280,14 730
,Australian citizens (no visa),,90 480,91 060,92 470,96 020,82 900,83 140,87 670,82 930,85 690,92 180,97 570,97 290,92 560,89 770,85 890,60 390,44 010,77 670,89 220,85 820,81 510
,Total(i),,198 820,204 690,204 640,224 000,219 920,241 870,251 410,235 380,251 760,276 900,281 220,283 040,276 800,289 300,309 060,314 160,230 930,216 000,200 070,232 200,262 800
,,,,,,,,,,,,,,,,,,,,,,,
© Commonwealth of Australia 2025,,,,,,,,,,,,,,,,,,,,,,,